label_id,label_name_original,music_label,count,circle_x,circle_y,angle_deg_on_circle,pca2_x_raw,pca2_y_raw
3,seventh_3,min7,29031,0.802877041530945,0.5961446604495566,36.59427543262535,0.1316106740486685,0.097722311803403
2,seventh_2,maj7,14898,0.3641382605331857,0.9313449023943093,68.64544059120175,0.10310854927780762,0.2637174726504932
0,seventh_0,none,1232460,-0.9999457674208921,-0.010414519530104988,180.59671880197047,-0.20577294757926354,-0.0021431426094826182
5,seventh_5,other7,146589,-0.9932740113194578,-0.1157874709860858,186.6490472419011,-0.4097601656366095,-0.04776636934945769
4,seventh_4,m7b5,1071,0.7454488592114994,-0.6665628239710599,318.19766703180244,0.20431509149298022,-0.18269374576482753
1,seventh_1,dom7,5915,0.8077035447820214,-0.5895888260021191,323.8721645253676,0.17649879839641702,-0.12883652673012821
