label_id,label_name_original,music_label,count,sphere_x,sphere_y,sphere_z,pca3_x_raw,pca3_y_raw,pca3_z_raw
0,seventh_0,none,1232460,-0.9670521125442888,-0.01007192933942645,0.25437918126884895,-0.20577294757926354,-0.0021431426094826182,0.05412774891187013
1,seventh_1,dom7,5915,0.7518916659258996,-0.5488485564510751,-0.3652727539698884,0.17649879839641702,-0.12883652673012821,-0.08574400420204821
2,seventh_2,maj7,14898,0.3562444513284633,0.9111551564650389,-0.20708976735911597,0.10310854927780762,0.2637174726504932,-0.059938408592894996
3,seventh_3,min7,29031,0.6981153518471193,0.5183580023510773,0.49390276058549565,0.1316106740486685,0.097722311803403,0.09311194068883655
4,seventh_4,m7b5,1071,0.7404656083326941,-0.6621069183280542,0.11543444710579387,0.20431509149298022,-0.18269374576482753,0.03185158008211642
5,seventh_5,other7,146589,-0.9900327716322017,-0.11540963471737223,-0.08072005518248516,-0.4097601656366095,-0.04776636934945769,-0.03340885688787997
